,,5HT1a,5HT1b,5HT2a,5HT4,5HT6,5HTT,A4B2,CB1,D1,D2,DAT,GABAa,H3,M1,mGluR5,MOR,NET,NMDA,VAChT,Astro,Endo,Micro,Neuro-Ex,Neuro-In,Oligo,OPC,1,2,3,4,5,6,genepc1,myelinmap,thickness,devexp,evoexp,cbf,cbv,cmr02,cmruglu,scalingnih,scalingpnc,pc1receptor,synapse density,glycolytic index
left,bankssts,0.468427794,0.658039369,1.176321681,1.782933423,1.465486182,-0.276970704,0.204620779,-0.070996426,-0.526252868,0.810342616,0.207963488,0.823844815,-0.548849588,0.030024031,0.792814722,0.022170937,0.319052077,0.971852612,0.408197707,-0.591540129,-0.661214038,-1.165794081,0.458806502,0.447770148,1.300728572,-0.29183094,0.820304921,1.182333826,0.997197442,0.41501768,0.772508781,0.616767969,0.16523496,0.248559054,0.453867132,1.204000535,1.192611036,-0.191252915,-0.110248059,0.301131098,-0.001948971,1.731407903,0.966841094,-0.697107952,-0.416286152,-0.649963983
left,caudalanteriorcingulate,-0.160652928,0.414030732,-0.282496853,0.391612829,0.326812113,1.19580572,0.798065751,1.208452209,1.107484853,0.136709329,1.051287909,0.902768826,2.012574154,-0.855700764,1.1854363,1.52945513,0.488727113,0.551596136,2.264166374,2.557622134,0.755242732,1.353504648,-3.372884355,-3.220902345,0.85667833,2.381060643,-0.410646618,0.003589126,-0.538161803,-0.761165572,-0.225272237,0.014616898,-1.184692699,-2.682917936,-1.777884771,0.582192471,0.415842974,-2.295988078,-1.037676164,-2.386213498,-2.304740473,-1.286396705,-0.893444017,-1.454793419,-0.053368696,-0.13477845
left,caudalmiddlefrontal,-0.642289306,0.806275497,0.66767992,-0.287120227,0.434160393,-1.146063278,1.41542167,-0.123531529,-1.038575869,-0.841724023,-0.864025182,-0.080071892,0.085326337,-0.752190085,-0.236198976,0.425333992,-0.012188263,-0.740333888,-0.516430912,-0.284816043,1.702372226,0.022013063,0.255172542,-0.342512753,-0.261916585,-0.532224838,0.072434685,0.655131582,0.579749994,-0.203631363,1.074863394,1.122896664,-0.061405166,0.024717258,0.203218396,0.83420622,0.985175281,0.725636928,-0.688206618,0.415195944,1.175380567,1.343625376,1.29432176,0.256353782,-1.078110585,2.201299955
left,cuneus,-1.003630183,0.701348262,0.1612294,-1.178840702,1.586655011,0.578728775,-0.187642431,-1.689734264,0.089575915,-0.893688104,-0.024700719,1.370235748,-0.339186999,1.742873607,0.303835466,-1.877897136,0.809947309,1.087088019,-0.587675328,-1.321442745,0.087294043,-1.529872764,0.290512724,0.816381318,-0.526752584,-1.352109885,-1.548171907,-1.265274326,-1.150857273,0.407295403,-1.276298063,-1.746000363,2.023598738,1.431287503,-1.564692368,-0.963038668,-2.225847612,1.353353861,2.642370915,1.632495569,1.047677581,-0.266164825,-0.889311558,-0.25729515,0.983273421,-0.963217931
left,entorhinal,3.317579595,-2.164820147,-2.712582853,0.515526806,-1.661086816,2.912906688,-2.426098724,0.161033608,-0.560856873,0.917902675,1.1026207,-2.627896839,-1.055457882,-1.455150083,-1.439950849,0.583689165,-1.865133272,-0.255404479,0.027194959,2.890196751,1.416894811,3.661145059,-2.158267204,-1.470475966,0.047697225,3.088828037,-0.190629917,0.675490973,1.98260068,-0.059957398,0.204389708,0.020665389,-1.569873724,-0.537292602,1.845971163,-1.415754931,-0.388775553,-2.020597518,-0.235351549,-2.200367717,-2.360195296,-0.230331151,-1.065084558,1.285786434,-3.060902253,-0.726433274
left,fusiform,1.266649216,-0.841434198,-0.026395589,0.293664911,0.0341468,-0.213320347,-0.607423842,0.344906466,0.241466057,0.881863071,0.515293574,-0.089384925,-0.636437889,-0.529317902,-0.3634774,-0.138488025,-0.425448655,0.615563546,-0.661501064,-0.054205024,-1.455283253,-0.517293616,0.175534753,-0.00380737,-0.239160739,-0.103825146,-0.345622717,0.65898912,0.607390552,0.226792596,0.625301927,0.185389561,-0.023905755,-0.00696204,0.729582627,-0.846030875,-0.763481679,-0.584431364,0.354787384,-0.086945042,-0.520709106,0.372119887,-0.192628519,0.170706939,0.369592629,-1.105900063
left,inferiorparietal,-0.516200537,0.614026267,0.920494323,1.419737284,-0.121790702,-0.955510024,-0.488693622,0.367890574,-0.838913827,-0.235141163,-1.064023068,-0.055605448,-0.914767265,-0.088136652,0.472101857,-0.199356553,-0.459323192,-1.14259953,-0.694541952,-0.506243517,-0.503044141,-0.452256184,0.889639796,1.072381308,-0.448790344,-0.528241206,-0.602360686,0.62088545,0.793057796,0.246450466,0.4599005,0.018101992,0.534888021,0.056448898,-0.081553869,0.725755049,0.72104653,0.001108508,-0.743030136,0.395821474,0.601307424,-0.059539744,0.578796068,0.45759187,0.124724963,0.630866106
left,inferiortemporal,0.931207654,-0.579855531,1.044162473,1.651788392,0.386614232,-1.055494125,-0.825714299,0.578030983,-0.419991015,1.612992099,-0.315030984,-0.483215744,-0.694423176,0.580960223,-0.328961217,0.275708966,-0.455582995,-0.480113523,-1.078126019,0.181455585,-1.291524397,-0.543444948,0.427563406,0.161549936,-0.687693856,-0.039314646,0.161875853,0.769644399,0.645755897,0.165388018,0.321175685,0.624800659,-0.650548091,-0.519345849,0.920013214,1.071768087,1.047234759,-0.854112783,0.12827024,-0.491428865,-0.505653441,0.889320006,0.257137471,0.238416214,0.623617729,-0.288213772
left,isthmuscingulate,-0.631157144,-0.356304183,-0.668839989,-0.646700839,-0.708077465,-0.170422659,-0.798196097,-1.554018584,0.951307489,-1.199605676,0.525293468,0.364112446,-0.615380075,-1.623264876,-0.491474911,-0.675755844,-0.777307109,0.760666089,0.178460278,-0.24586386,-0.793343707,-1.167170818,-0.681389515,-0.302740052,0.265930219,-0.159249798,-3.238664479,-2.539457311,-2.015301308,-1.037044177,-1.760043856,-1.803773849,0.471137057,-0.101340287,-1.286336494,0.110153036,-0.928558989,-1.278371654,0.645834875,-1.155384671,-0.806614752,-0.927219492,-0.889769202,0.550194678,-1.228670639,0.497315642
left,lateraloccipital,-1.439829167,0.409805474,0.078373109,-0.782118766,-0.582562553,-0.661657545,-1.096567614,-0.7572362,-1.653547208,-0.738550179,-1.054023174,0.078565372,-0.961155495,-0.080931733,-1.387457487,-1.448531514,-0.121070543,-1.552978685,-1.173634838,-0.668899721,0.545656586,-0.534079565,0.570310633,1.371893016,0.284361047,-0.18892961,-0.928385824,-0.461315217,-0.191495396,0.289762991,-0.80835301,-1.342993621,1.775380863,1.076822962,-0.869747359,0.477170617,-1.275694112,-0.280043907,0.929948088,0.418989633,0.311433966,0.038411518,0.448485581,1.37470884,-0.443372968,-0.067440598
left,lateralorbitofrontal,-0.125779728,-0.344050936,0.682881653,0.202948047,-0.246001789,0.287064277,-0.126834419,0.261725888,0.422754291,0.121203917,0.354628605,-0.511233768,0.026120307,-0.757473692,-0.189458312,0.829588316,-0.860711259,0.117346789,-0.011008568,0.03689967,-0.094356772,0.482622971,0.628149826,0.836758143,-0.06957159,0.361292623,-0.036915024,-0.475561166,-1.014559374,-0.105762647,0.532110802,0.720001804,-0.827061998,-0.40078536,0.659504818,-0.962061261,-0.10360488,0.302520779,-0.632763496,-0.141741028,0.209950491,0.143959756,-0.537583203,0.03460094,-0.528327227,0.313234898
left,lingual,-0.898783396,0.932681125,-0.362477141,-1.615990806,-0.439837146,-0.012291305,-0.871681034,-1.51680622,0.868931585,-0.967639137,0.344628711,1.380338022,-0.996862224,-1.316335297,-0.720863708,-1.684754751,-0.324127395,1.420447591,-0.704350966,-1.400947001,-0.160994395,-1.100608086,-0.589544677,-0.657847717,-0.568933462,-1.608904238,-0.689069619,-1.0528364,-1.054463583,1.089435485,-1.349835287,-1.687995882,1.864847544,1.175169107,-1.249434506,-1.549484798,-1.67874679,0.930131392,2.070036852,1.464816499,0.67433826,-0.746035025,-0.540367332,0.515694806,-0.539522333,-1.517531984
left,medialorbitofrontal,0.547602454,0.059848498,0.530864326,0.624321305,-0.178637484,0.038496375,-0.171358251,1.062886197,1.915013694,0.189455664,0.342295402,0.415097358,1.023467238,0.659253684,1.14516742,1.233478883,-0.614160621,0.359341145,0.250737222,0.59983587,-0.071801649,0.567417478,0.754926213,1.009278486,-1.008580434,0.816217495,0.10829788,-0.572153061,-0.580458944,-0.612024744,-0.818396077,-0.430864764,-1.257676548,-0.763793775,0.01263491,1.169791475,-0.32885858,0.330407119,-1.098690157,-0.021664213,0.084602103,0.371777081,-0.69489544,-0.876327255,1.337158585,0.098413261
left,middletemporal,0.257939066,-0.349297297,1.455020115,2.15829088,1.211674863,-0.824231164,-0.198876453,1.02348487,-0.269019563,1.643164791,-0.482029219,-0.330261009,-0.514363602,0.952253752,0.095300196,0.148515569,-0.142761445,-0.92635676,-0.853034965,0.000593414,-1.489093107,-0.580793407,-0.02574727,-0.565220255,0.719378736,0.196698072,-0.043787797,1.15658533,0.95913377,0.214200615,0.920313852,1.082485097,-0.530425128,-0.376573099,1.037605717,1.715712272,1.231071349,-0.873046761,-0.477581439,-0.43359182,-0.388510543,1.474799746,1.154518683,-0.144715426,1.103164502,-0.076308858
left,parahippocampal,2.691111523,-2.313549221,-2.207364906,-1.105215421,-1.740098628,0.536295204,-0.869104423,-0.770369975,-0.031078755,0.261255496,1.41828403,-1.085405953,-0.726772862,-2.754437268,-1.419816409,-0.694671163,-0.98118143,-0.795011913,-0.301148872,-0.040951881,-2.806396624,-0.119476753,-2.333486383,-2.197298564,-2.225863891,-0.022862192,0.072237298,-0.335753796,0.485966104,-0.600028561,-1.318230447,-1.352492958,-0.122800383,0.56955855,0.003192861,-1.494232565,-1.998856935,-0.593423932,-0.169433417,-0.968498658,-1.41728499,-1.256427025,-1.951345657,1.334005037,-1.96367537,-1.333881322
left,paracentral,-1.200828474,-0.770027341,-1.813900237,-1.94894799,-0.401156997,-0.154377465,-0.086020905,-0.487993801,-1.695684473,-1.097856653,-0.601361291,-0.554405202,0.447886971,-0.53219987,-0.867557485,-0.655021744,1.989621059,0.425660297,1.159877924,-0.307701679,0.552809656,-0.177189161,0.65272175,0.775308959,0.322355962,-0.596676784,-0.33623862,-0.517724674,-0.431812256,-0.348498285,-0.031308873,-0.093104406,0.496346018,0.97319424,-0.353689361,-0.07626285,0.002352044,0.398399504,1.017571651,0.300673082,0.269900293,-1.126902961,-0.65161181,0.526733283,0.259219489,0.107095298
left,parsopercularis,0.205004502,1.221054969,1.07086822,0.434013102,1.291642813,-0.310519746,1.286591136,0.799116204,-0.394880145,-0.173901773,0.060298382,0.570735509,0.446971414,0.470484788,1.00206908,0.657289157,0.692791803,-0.136523869,0.12425257,-0.762395526,1.696161275,0.772145474,1.504279366,1.411845552,0.243557184,-0.097781854,0.374643414,0.530159302,-0.230376935,0.11701897,0.462816276,1.10846233,-0.450292706,-0.170262409,0.414596885,1.184394243,0.557584304,0.95035283,-0.344641076,0.544930697,0.884926687,-0.905592087,-0.429292322,-0.840556597,-0.089472008,1.526479406
left,parsorbitalis,-1.11597414,-0.591580621,0.81873858,0.310756494,-0.247740223,-0.744403008,0.898038245,1.40326988,-0.561163103,-0.480992727,-1.178355193,-0.826456271,0.068846308,0.204623251,-0.843108522,0.205625283,-0.579244652,-1.059347827,-0.896917395,-0.0976521,-0.23796741,0.290141399,0.082978762,-0.644956599,0.728704341,-0.089281697,0.035824895,-0.77671555,-1.197513243,-0.0777968,0.404299757,0.165308599,-0.247238186,-0.58370431,0.412046091,-1.258938351,1.349916146,-0.020152905,-1.058933547,-0.034860837,0.487301796,-0.850448778,0.272480635,0.501747968,0.821865905,1.547966802
left,parstriangularis,-0.500524636,0.614378372,0.792032833,0.208864365,1.136139919,-0.329880062,1.461800662,1.062886197,-0.704785032,-0.191586323,-0.255364948,0.142099201,0.053892208,0.538211033,0.077323017,0.294745538,0.559802051,-0.641678268,-0.412661871,-0.707089827,0.074195427,0.060270398,1.764416944,1.737524053,-0.068253623,-0.606240151,0.196394152,-0.231658502,-0.798959532,0.150623157,0.800174589,0.733489325,-0.408519048,-0.066629838,0.089259107,-0.057605898,1.331670761,0.5439147,-0.544835819,0.202986211,0.709040308,-0.54037101,0.740095114,-0.338133182,0.457832229,1.349387653
left,pericalcarine,-2.077315807,1.059790964,0.691783569,-2.166208305,1.27651844,0.64801484,-0.289882342,-2.587208928,-0.519515806,-1.32010088,0.465294102,1.294784393,-0.782316663,1.071134927,-1.242920972,-2.331731422,0.355916532,0.558533778,-0.552569384,-1.347543304,1.020873912,-0.87452378,0.186063553,0.738437824,-0.282895233,-1.178863118,-1.027558818,-2.823609024,-2.204437114,4.888994918,-3.136548535,-2.397099542,2.527723908,1.704312763,-1.85347134,-0.580927033,-2.262436073,1.746438499,1.252896977,2.064992613,1.27617352,-1.553169251,-1.983898484,0.388586761,0.148611911,-1.286275936
left,postcentral,-0.768264481,0.208260678,-1.049568071,-1.044737512,-0.63297713,-0.18421357,-0.03304579,-0.106019828,-1.40981865,-0.631884125,-0.910024696,-0.373984912,-0.626061575,-0.606410543,-0.840232174,-0.722195378,0.955087102,-1.02912793,-0.066248804,-0.874971658,0.231561871,0.460484372,0.459437857,0.137310941,0.665906735,-1.312548659,-0.021341852,-0.044702628,-0.331861513,0.188855467,-0.061389143,-0.222571586,0.962886168,0.91779607,-1.25122215,0.307060072,0.133784371,0.154309154,-0.741724533,0.362194057,0.277971149,0.178499641,0.417928893,0.862113294,-0.173631073,-0.138984875
left,posteriorcingulate,-0.161220895,0.182733079,0.236142444,0.260139114,0.111072491,0.894991483,0.907314044,0.124915726,0.90721035,-0.506332201,0.947289008,0.79030211,0.69752889,-0.414039187,1.267412234,0.655227873,0.78321722,0.583579841,2.043205431,0.358230461,0.691339737,-0.254721904,0.327321732,0.472032419,-0.239099892,-0.054553451,-1.340884666,-1.04871291,-1.053295105,-0.893549166,-1.300045947,-1.070745653,-0.319964927,-1.069882287,-0.964049296,0.62322369,0.258343856,-0.892707113,-0.448725832,-1.068367499,-0.856575313,-1.365079065,-1.106153381,-1.094541293,0.065314507,0.763286802
left,precentral,-0.852550847,0.49501484,-0.38288307,-0.93495696,-0.105275582,-0.692952304,0.902160822,-0.141043229,-1.441268484,-0.806690175,-0.965690774,-0.312345258,-0.019657551,-0.882839295,-0.828007692,-0.425734124,1.297796632,-0.353472162,0.468600581,-0.360669946,1.807653083,0.384668825,-0.132537285,-0.675136904,1.107908338,-0.539592746,0.449863463,0.588403779,1.003642504,-0.259869113,1.680283575,2.112606353,0.583565334,1.006275965,0.132865772,1.008157508,-0.485498076,0.452409408,-0.437911886,0.415083709,0.553333462,0.057199686,0.102045898,0.439963615,-1.016855363,0.802328618
left,precuneus,-0.601054871,-0.149020078,0.266135052,0.355128873,1.134314564,-0.45002011,0.375604664,-0.254869284,0.280663513,-0.46291705,-0.136699536,0.303814501,0.146668666,0.98827835,0.613762024,-0.470354877,0.621940829,1.155876503,-0.09102947,-0.411614906,-0.347120477,-1.438541702,0.113286887,0.152860602,-0.494220859,-0.924068292,-0.468461778,0.116183536,0.373305572,0.209146033,0.296305242,-0.220038252,0.810731553,0.212162152,-0.325561244,-0.47520736,-0.68576135,0.817454033,0.644432234,0.909574597,0.981268941,0.763390965,0.685035753,-0.492081564,1.781358008,0.567367847
left,rostralanteriorcingulate,0.258166253,-0.514187983,0.096998656,0.5365626,0.7079637,0.964144943,-0.227116106,1.104476486,1.579691707,0.290422432,1.497616525,1.207810132,2.483475719,-0.955608984,1.132942939,1.645250834,-0.094777183,0.697992138,0.812432329,1.463802259,-0.407583041,-0.141234078,0.092638602,0.212281643,-0.973940056,1.289041631,0.329735159,0.015771603,0.179035974,-1.018888816,-0.505401617,-0.392208302,-1.53094658,-2.263145486,-0.841472404,1.050907138,0.235038552,-1.237767957,-0.774307982,-1.639602395,-1.479866437,1.335840059,1.12405493,-1.345300968,-0.602707986,-0.081322041
left,rostralmiddlefrontal,0.075507928,1.464007292,0.943913208,0.583235769,0.426163598,-0.624262961,1.330908839,1.288349344,-0.257995278,-0.381394906,-1.111022572,0.125525159,0.006588421,0.591767603,0.111120113,0.889486827,-0.156882367,-1.502533798,-0.650659522,-0.000969382,0.060490215,-0.434443021,0.733076197,0.452304653,-0.396236496,-0.471276622,0.660421919,-0.17918997,-0.123458232,-0.509512563,0.622946472,0.178742842,-0.291207297,-0.433720069,-0.242999562,0.798528298,0.986903607,0.586520617,-1.225451652,0.395608559,0.991748248,-0.047446368,1.416259556,-0.151702753,0.712562473,1.508258749
left,superiorfrontal,-0.311277889,0.698883528,0.622211675,-0.186871519,0.430596604,-0.939067015,1.047481665,0.301127214,-0.688248605,-0.500968167,-1.240687868,-0.144000341,0.855004721,-0.166189949,0.052154967,0.732344174,0.096607792,-0.148988107,-0.247457428,0.311908742,0.355303138,-0.095486613,0.53114432,0.411051614,0.270868651,0.249818326,0.746991249,0.501477932,0.294349211,-0.526609352,0.669148899,0.760520687,-0.441986598,-0.412485849,0.570860835,0.994817774,0.497056525,0.41777842,-0.256438071,0.007860045,0.508371111,1.262444971,0.793993185,-0.080647946,0.143378883,1.014213862
left,superiorparietal,-1.010445792,-0.05187436,-0.525450672,-0.400844991,-0.687042418,-1.128360523,-0.64390865,-0.637937738,-1.377143896,-0.749445873,-1.546351304,-0.384560729,-1.058814925,-0.395066232,-0.968948772,-0.810345616,-0.222179037,-0.990088996,-0.969194339,-0.389431715,-0.911008742,-0.586119271,0.601902943,0.820562908,-0.674089817,-0.843285207,-0.583258058,0.187437457,0.430569681,0.106529957,-0.080497116,-0.589043062,0.760889104,0.410170661,-0.981708177,-0.087877874,0.025710548,0.123618277,-0.142433606,0.475838849,0.653565738,0.149242593,0.583016385,1.300675652,-0.336956536,0.63643849
left,superiortemporal,0.680393238,-0.565665707,0.208204124,1.272486723,0.626344238,0.517995727,-0.560529528,0.915131222,-0.28616845,1.208454524,-0.183699039,-0.181726019,-0.202158611,0.268026545,0.067974884,0.226238131,-0.129816332,-0.333011998,0.193948194,-0.122689926,-1.310373098,-0.115150155,0.296092932,0.081598125,-0.070810748,0.046287031,1.338271686,1.415901861,1.190274429,0.23068801,1.174190697,1.028758019,-0.28670553,0.083150427,0.754173849,-0.704559351,0.811039478,-0.616072871,0.303867444,-0.263861996,-0.676032395,0.107887329,0.329769251,-0.161676272,0.163701666,-0.893919583
left,supramarginal,-0.278335779,0.551703715,0.741223438,1.373721483,-0.3538716,-0.632550768,-0.362542763,0.537535175,-0.769093358,-0.167029104,-0.749359727,0.162461596,-0.826263407,-0.392904756,0.441900197,0.307598255,-0.248808342,-1.166352134,-0.455511773,-0.026817236,-0.420797231,-0.063976953,0.466926743,0.037475627,-0.678385275,-0.75320933,0.573094743,0.959344168,0.865061615,0.145258054,0.413258164,0.361601834,0.290425412,-0.088315883,0.009840958,0.451809325,1.154217639,0.221084662,-0.40976526,0.298874855,0.294002162,2.130057772,1.818201015,0.329359604,-0.167474107,-0.049700739
left,frontalpole,0.257030318,1.100987227,0.794634932,0.388325986,-2.650412047,-0.700046666,-0.65019558,-0.739724499,-0.925576953,-1.36918738,-2.201011052,-0.881624155,-0.756986249,-0.361923601,-1.103418067,0.081705692,-2.603542187,-3.285978111,-1.134915046,0.58192084,0.832918674,0.633281573,-0.139875006,-0.194295967,-0.473468466,0.673527568,0.9684408,-1.453729203,-0.434590993,-1.008212985,1.0558269,0.153578467,-0.661419197,-0.772493132,0.385955511,-0.271045551,0.308917059,-0.327910454,-1.549783914,-0.191979967,0.161784451,0.256293529,1.195234902,1.817154362,1.124827677,0.604279028
left,temporalpole,0.947792303,-2.500446457,-1.478366496,0.664749473,-1.843535432,1.896291152,-2.699734778,1.273026606,-0.650276069,1.672778729,0.232629894,-2.027995426,-1.10337204,-0.785332715,-1.534151264,0.666383061,-2.356286062,0.129928614,-0.764237577,2.16410047,-0.013289506,1.829318855,-1.224831945,-1.250125659,-1.403763404,1.848241509,-0.203899381,0.848024256,1.507414491,-0.139677356,0.090329055,-0.276354224,-1.755744298,-1.591816761,2.85925762,0.211032801,-0.045791837,-2.221841613,0.064109008,-2.098721694,-2.276814401,-0.825767177,-2.177475067,1.320394147,-1.703574251,-1.235976598
left,transversetemporal,0.620188691,1.279504369,0.635085214,0.01231116,1.138139118,1.20661302,0.255534606,-0.508788945,0.870768965,0.342945266,0.916622665,1.849225575,0.815940949,0.790623387,1.594596883,-0.756630959,1.302835819,1.951000815,2.620388455,-1.260428581,1.018255817,0.732130271,-0.036999404,0.001300184,3.791165982,0.18825473,0.432521983,0.282838736,-0.251556343,0.407244912,0.895496178,0.496432893,0.619953717,2.339686789,-0.020753758,-2.294364412,-0.102083722,1.271734587,0.644768849,1.136704082,0.880681829,0.45149915,0.852555941,-1.666776861,-0.052087151,-1.277865283
left,insula,1.7272708,0.07171443,-0.602281051,0.487259957,1.640894142,2.650150061,0.373955633,1.262081793,1.787928192,2.708987198,2.324607785,0.568920257,1.482161374,0.811037326,1.489610161,1.302956306,0.339231223,1.153642347,2.040624112,0.077696086,-0.26904274,0.454872031,-0.969662324,-1.088016179,0.446739906,0.64052579,1.701763666,0.988766651,1.879316123,-0.364097809,1.466029233,1.62966088,-0.501589856,-0.39490933,1.187060588,-1.483288835,0.028479368,0.155452769,0.361717484,-0.300024591,-0.65491162,-0.258508967,-0.362966026,-2.05768172,-0.233147898,-1.293500214
right,bankssts,0.693002115,0.577407367,1.31765671,1.809885534,1.247312754,-0.536412208,0.991826874,-0.637937738,1.112384535,0.852807886,0.755624367,0.081722332,-1.208355927,0.219513419,1.19550352,0.244668442,0.598491811,0.892598872,0.379803193,-0.367976427,-0.686940259,-1.408499854,0.626177698,0.745697771,1.222177106,-0.244841654,0.481497652,0.748373173,0.71850183,0.060262906,0.711587875,0.613550022,0.234891055,0.4711439,0.46648235,1.204000535,1.192611036,-0.123999412,-0.034321536,0.322449863,0.141434381,1.240722387,0.226336342,-0.892046949,0.39632459,-0.4683253
right,caudalanteriorcingulate,-0.100675567,0.43726965,-0.49148644,-0.017927795,0.276745222,0.856801269,1.022746202,1.615599252,1.177305321,0.269022171,1.002621756,1.036308254,2.641867107,0.007208452,1.279636716,1.657982299,0.884325714,-0.179795941,2.233706805,2.582572069,0.693706256,1.332438251,-3.148512172,-3.075790725,0.932608508,2.431073447,-1.353774696,-0.874449213,-1.076530242,-0.860852854,-1.110156418,-0.838291996,-1.220835657,-2.531811061,-1.159699346,0.582192471,0.415842974,-1.830190069,-0.925645426,-1.971243182,-1.823783156,-2.406009146,-1.732740813,-1.607167974,0.009222605,0.186149077
right,caudalmiddlefrontal,-0.582879913,0.603815228,0.415961138,-0.682198742,0.123067684,-1.384553207,1.422636179,-0.51316687,-0.647213768,-0.89265441,-0.750359717,-0.287484195,0.021237336,-0.587437587,-0.108201465,0.440733002,0.209320974,0.09829767,-0.466869579,-0.183347726,1.910233789,0.185205726,0.269274359,-0.345091336,-0.286713235,-0.49022085,-0.023758572,0.691643487,0.210302634,-0.312673252,0.358296896,0.947860297,-0.050014186,-0.019630835,0.214527569,0.83420622,0.985175281,1.054890866,-0.599565781,0.671161426,1.328013571,0.562036622,1.071350168,0.203511834,-0.38750268,1.903242179
right,cuneus,-0.887878421,0.620716259,0.119184968,-1.331021528,1.085290733,0.469064515,-0.518788435,-1.616404018,-0.09171232,-0.877400438,-0.281698003,1.496514167,-0.462482029,1.489980925,0.019076959,-2.22055542,0.585826654,-0.142991163,-0.719838883,-1.34696083,-0.346347356,-1.591430955,0.388889505,0.997057299,-0.271162361,-1.239111393,-1.451604328,-0.813983371,-0.76432621,0.661955565,-1.076432628,-1.814562876,1.940457368,1.328403099,-1.645297341,-0.963038668,-2.225847612,1.635713326,3.090969307,1.921805407,1.169315458,-1.021495475,-1.527768827,0.146599304,0.957511232,-1.955416195
right,entorhinal,2.338517345,-2.412068149,-3.030312763,-0.18621415,-1.840927782,2.663742064,-2.569976664,-0.744102424,-0.951300283,0.615896378,0.683625128,-3.318403018,-1.03134821,-1.61269766,-2.018815997,0.124507664,-2.402422622,-0.639679287,-0.636204133,2.999929278,1.519653537,3.793399088,-2.461427503,-1.910055156,0.436374536,3.135557098,0.144475054,1.203708671,1.285527128,-0.442862702,0.312361197,0.395879665,-1.607565354,-0.598479054,2.074436675,-1.415754931,-0.388775553,-1.88027773,-0.08697609,-1.882811113,-2.288875209,-1.139788823,-1.420273355,1.950743664,-3.237661742,-1.299694649
right,fusiform,1.11784175,-1.00752204,-0.366311812,-0.093525181,0.021369313,-0.13939311,-0.501061354,0.181828753,0.412342467,1.132464041,0.446294303,-0.343993787,-0.65566459,-0.34559245,-0.585675326,-0.322184876,-0.491753162,0.305838991,-0.914986631,0.108124962,-1.506310943,-0.569287843,0.171838104,-0.097106225,-0.338676676,-0.049780369,0.556928385,1.005038079,0.927326111,0.294780869,0.770151886,0.23469767,-0.104007633,0.133204443,0.699034388,-0.846030875,-0.763481679,-0.656340632,0.27254549,-0.183518646,-0.598997845,0.382821068,0.323940934,0.322611116,0.463849877,-1.11822352
right,inferiorparietal,-0.551187331,0.245548578,0.737251815,1.152188273,-1.048984313,-1.082015107,-0.852304921,-0.167310781,-0.638026864,-0.446042692,-0.734026556,-0.184251587,-0.734402505,0.477449544,0.095300196,-0.398331161,-0.329704096,-0.96598363,-0.703834702,-0.515813795,-0.507074786,-0.374544772,0.672441409,0.718729325,-0.036697875,-0.474632814,-0.512166787,0.195734272,0.6109409,-0.124214548,0.195127155,-0.044158582,0.383555008,0.158621313,-0.086445979,0.725755049,0.72104653,0.206670644,-0.555390687,0.509269031,0.593176731,2.185232539,1.221899277,0.640194567,-0.321293326,0.413442511
right,inferiortemporal,0.936092174,-0.998226472,0.453623089,1.111102737,-0.20627858,-0.952526413,-0.991235769,0.327394766,0.036904333,1.80101267,-0.095366639,-0.744690995,-0.595543003,1.415770252,-0.113235075,0.283347845,-0.233500411,-0.282449523,-0.843225951,0.199910792,-1.423042691,-0.567702863,0.371329361,0.081641448,-0.63923602,-0.015303858,0.444457291,1.31950684,0.974330681,0.22992928,0.81548361,0.789877982,-0.761267261,-0.514333443,0.900704097,1.071768087,1.047234759,-1.059561451,0.193952044,-0.611614614,-0.665731402,1.149950685,0.909726241,0.186691021,0.6332364,-0.384909615
right,isthmuscingulate,-0.307983678,-0.214018627,-0.709925753,-0.615475831,-0.675134147,-0.069046206,-0.419331263,-1.838583721,1.333788916,-1.251066878,0.530293415,0.572866457,-0.901949465,-1.660970622,0.139883598,-0.516551907,-0.857609359,0.894480267,0.09637432,0.005737151,-0.152199361,-0.942025161,-0.402559627,0.250260866,-0.233180548,0.024782055,-3.810220466,-3.101687261,-2.536325935,-1.29780186,-2.472658849,-2.453130481,0.423627342,0.316926978,-1.072534514,0.110153036,-0.928558989,-0.989010227,0.547966131,-0.830973515,-0.687010745,-1.578401358,-0.993838595,0.387631668,-1.399304845,0.094943581
right,lateraloccipital,-1.453233198,0.234457276,0.077140536,-0.85147115,-2.075616331,-0.837226445,-2.144629774,-1.442381491,-1.804212429,-1.178987669,-0.782026049,-0.157733119,-1.254744157,-0.573267912,-1.969918071,-1.701111652,-0.700621877,-1.832248168,-1.253139476,-0.652536293,0.682574445,-0.590868374,0.757499823,1.65264176,0.339721388,-0.185808224,-1.56180393,-0.793076286,-0.746248664,0.573761591,-0.986645159,-1.618350699,1.684961535,1.085816351,-0.933124533,0.477170617,-1.275694112,-0.304507442,1.482007221,0.424588975,0.291315467,0.210126888,0.507498951,2.041574609,-1.659621585,-0.17461735
right,lateralorbitofrontal,-0.055238173,-0.574397906,0.549215967,-0.125736241,-0.493554747,0.240321047,0.112275053,0.319733396,0.585056258,0.174788383,0.80262387,-0.475717963,0.409128385,-0.225030127,-0.29300686,0.952901647,-0.629591732,0.415430215,0.176395222,0.042269131,-0.053822659,0.502960186,0.68661776,0.895415652,-0.145120589,0.335158926,0.260280262,-0.170514211,-0.824651288,-0.130568895,0.395380689,0.597210646,-0.824600653,-0.321835348,0.594459894,-0.962061261,-0.10360488,0.509442745,-1.125342441,0.198461348,0.421738657,-0.43810201,-0.194065098,-0.151732928,-0.002067547,0.339201595
right,lingual,-1.010786572,0.532690055,-0.28126428,-1.710323197,-0.237048856,-0.054923783,-0.739243245,-1.713812853,0.114993015,-0.900002019,0.137297569,1.228172527,-0.887605736,-1.117239349,-1.227101055,-1.811826896,-0.322996378,0.539602246,-1.04508513,-1.327885204,-0.202069507,-1.123101863,-0.927284306,-1.115792177,-0.774016617,-1.685061989,-0.776480148,-0.874435397,-0.956194831,1.07341028,-1.242798784,-1.579699565,1.735034432,1.290918584,-1.370958614,-1.549484798,-1.67874679,0.863383581,2.814487748,1.272893966,0.519186704,-0.25430859,0.121027172,0.826274502,-0.050766227,-1.40012975
right,medialorbitofrontal,0.795349845,-0.01462167,0.328585413,0.567787608,-0.072071498,-0.127723878,0.119592627,1.396702993,2.043936577,0.507218812,0.815957063,0.295369632,1.298439571,0.975789823,1.174649993,1.32332665,-0.356814924,0.53242943,0.287391958,0.645132242,-0.255985302,0.425462687,0.698784008,0.887429833,-1.043248307,0.779923696,0.615484004,-0.065861355,-0.144398984,-0.57270143,-0.934841449,-0.280801734,-1.256639558,-0.621619097,0.191966475,1.169791475,-0.32885858,0.566493057,-1.068218098,0.02395991,0.177375061,0.85792627,-0.124857445,-1.102050504,1.132999594,0.212902017
right,middletemporal,0.570548338,-0.578623164,1.146876884,1.771429473,0.366709166,-0.798041694,-0.276587031,0.698423925,0.434084806,1.672219975,0.079964841,-0.230579982,-0.454852386,1.470287478,0.857532564,0.416118837,0.172344537,0.390148978,-0.300116344,0.07019246,-1.383808525,-0.519953532,0.140607529,-0.254543117,0.480164795,0.258267096,0.286828394,0.936201903,0.893082281,0.183731751,0.693375071,1.083358083,-0.579912474,-0.453872835,0.991237432,1.715712272,1.231071349,-0.708291135,-0.3649239,-0.318396378,-0.329090301,1.301542558,0.691654404,-0.52854466,1.175416806,-0.136994075
right,parahippocampal,1.405119675,-2.441257638,-2.738329932,-1.268571513,-1.134254485,0.413237848,-0.447261723,-0.738630018,-0.012398717,0.179984792,0.994955171,-1.64229378,-0.650476432,-2.95137174,-1.753472842,-0.868304094,-1.022245207,-0.875323937,-0.603679508,-0.31424574,-2.659763935,0.138935167,-1.631429656,-1.209635707,-1.15122545,0.360134595,2.354919518,1.028906161,1.07298155,-0.494522821,-0.699657614,-0.684568058,-0.223663618,0.529049813,-0.092308024,-1.494232565,-1.998856935,-0.709726908,-0.28402429,-0.873496336,-1.369738266,-0.941742352,-0.983187449,1.504206158,-1.059744233,-1.235543875
right,paracentral,-0.865159724,-0.471829773,-1.663663293,-1.741548204,-0.358304606,0.051226446,0.529067596,-0.540528903,-1.061543128,-0.972695857,-0.729359939,-0.396399331,0.501904843,-0.57254742,-0.704324704,-0.332976308,2.04796365,0.317244945,1.098442521,-0.324783351,0.525432416,-0.334134913,0.743113502,0.852837173,0.063520835,-0.67153543,0.690589507,0.346459489,0.437177646,-0.165969218,0.624580419,0.997029885,0.451086947,0.936487911,-0.344911448,-0.07626285,0.002352044,0.57948381,1.209925806,0.393325083,0.304453346,0.017293079,-0.531622904,0.293303442,-0.306675085,-0.208552119
right,parsopercularis,0.279408235,1.079508833,0.79723703,0.064571962,1.215238652,-0.580370736,1.744197192,0.57584202,0.600367764,-0.035051514,0.600959335,0.571445825,0.877588464,0.683990575,1.621922194,0.688450933,1.025198995,0.912235927,0.378770665,-0.531537632,1.791518878,0.814542128,1.461445431,1.384013273,-0.341368124,-0.14121936,-0.198308094,0.302567046,-0.438534185,-0.141497767,0.451072099,1.330419224,-0.429174387,-0.201886287,0.445958793,1.184394243,0.557584304,1.21362375,-0.176382089,0.664868045,1.047234187,-0.40428121,-0.156275534,-1.318017286,0.749622071,1.474821428
right,parsorbitalis,-0.742705947,-0.156977647,1.038410466,0.324561234,-0.79447762,-0.776758606,0.874333427,0.793643798,-0.075482123,-0.341555777,-0.842025415,-0.240919028,0.305670426,1.318503836,-0.244108934,0.573625245,-0.112627105,-0.089136248,-0.479776176,-0.032491807,-0.242158639,0.120041517,0.233723777,-0.255503379,0.048661622,-0.143911543,0.097089737,-0.669595114,-1.495820238,0.199454591,0.955375599,1.204563101,-0.272230972,-0.578084596,0.420411781,-1.258938351,1.349916146,0.093179352,-0.95187195,-0.029419117,0.63208594,-0.501019747,-0.143617707,-0.009110804,1.242855171,1.622255096
right,parstriangularis,-0.399653621,0.675996715,0.587151823,0.026773269,0.872593371,-0.579044687,1.656592429,0.58459787,-0.316179002,-0.165743971,0.044631881,0.032079129,0.565993845,1.167200523,0.845308083,0.47201603,0.874975222,0.438712471,0.019451001,-0.694304144,0.392480524,0.218168753,1.327937499,0.970480069,0.410580734,-0.735112633,0.380854478,-0.108578478,-0.986916469,0.044367813,0.476074948,0.839815525,-0.375506821,-0.152312576,0.069741858,-0.057605898,1.331670761,0.676753636,-0.542937772,0.339856104,0.858548009,-0.885473027,0.163240104,-0.761280068,1.246393734,1.655652438
right,pericalcarine,-1.803441914,2.711162549,0.633852641,-2.219126475,1.458097839,0.340106241,-0.158372133,-2.444926359,0.336091166,-1.280597003,0.090631395,2.177628388,-0.318739556,1.950855622,-0.60221433,-2.60560342,0.527842405,1.077445873,-0.511784537,-1.294293245,0.579972464,-1.123958695,-0.22997305,0.173824705,0.583245982,-0.910396124,-0.666446229,-2.446309964,-2.210440393,5.11497439,-2.974125968,-1.665652538,2.40979806,1.747021356,-1.864259174,-0.580927033,-2.262436073,1.947286796,2.341927905,2.263943002,1.327740713,-1.402634833,-1.971815444,-0.167322589,0.821333605,-2.07031504
right,postcentral,-0.819040769,-0.138316092,-1.08339535,-0.991161973,-0.602119932,-0.569563436,0.07218299,-0.434364217,-1.091553681,-0.624508578,-0.823025615,-0.518494777,-0.176217825,0.016334683,-0.498665782,-0.68678978,1.491525389,-0.613927701,0.041650348,-0.844761946,0.208995526,0.521631258,0.474159002,0.155356854,0.764340616,-1.286905576,0.128140968,-0.258438241,-0.711064286,0.041509027,-0.736852703,-0.618328433,0.927144538,0.818660194,-1.189276977,0.307060072,0.133784371,0.465276865,-0.713896647,0.529485258,0.397916827,-0.001783853,0.033842171,0.614015658,0.233371611,-0.076754092
right,posteriorcingulate,0.152410718,0.480578542,0.569621897,0.611831302,-0.41010993,0.785260921,0.86299634,-0.087413646,1.739850062,-0.555753953,0.83829016,1.061090394,0.551650116,-0.481765432,1.734099788,0.971695715,0.81657664,0.718805064,1.946664085,0.370661402,0.601835864,-0.239946601,-0.019433647,0.180959291,-0.307335058,-0.062321962,-1.119929096,-0.789814797,-0.710694905,-0.754704027,-0.998207039,-0.484842245,-0.360553743,-1.016373006,-0.922050434,0.62322369,0.258343856,-0.972442103,-0.637496077,-1.156200847,-0.996041716,-1.845026296,-1.773616348,-1.250758789,-1.127133803,0.356019104
right,precentral,-0.870952992,0.296286882,-0.625562984,-1.28369099,-0.228530531,-0.947620032,1.120657408,-0.535056496,-1.077467095,-0.777215925,-0.738026514,-0.57973981,0.130188637,-0.761316316,-0.656864953,-0.457017152,1.474056206,0.286672285,0.640000191,-0.358373651,1.78039915,0.342971266,-0.133310923,-0.710144929,1.116366858,-0.570512014,0.136678752,0.228948175,0.656174988,-0.452778443,0.837343772,1.222520584,0.521250379,0.986761296,0.071082928,1.008157508,-0.485498076,0.816083482,-0.359451693,0.595808382,0.719971985,-0.325868255,-0.234547419,0.321863167,-0.719686493,0.640905509
right,precuneus,-0.324795514,0.013405873,0.424452196,0.310099126,1.137878353,-0.332200648,0.569262723,-0.485804838,0.599142844,-0.500604977,-0.195032252,0.735844542,0.080138179,1.033189016,1.077573229,-0.414942692,0.5012131,0.904004826,-0.15607872,-0.404672902,-0.355273239,-1.433186814,0.124554718,0.21864121,-0.47125534,-0.908896116,-0.024508236,0.344807034,0.829790759,0.112100522,0.135866581,-0.322975637,0.757199452,0.271975426,-0.295071604,-0.47520736,-0.68576135,1.035318966,0.607270814,0.95027526,1.019494209,0.827998936,1.332515472,-0.6153605,1.489881369,0.581414329
right,rostralanteriorcingulate,0.523179854,-0.221976196,-0.834963429,-0.034690693,0.81061821,0.961161333,-0.031293695,1.804944516,1.989427615,0.549684082,1.112953924,1.611348604,3.689264496,-0.189485856,1.936163275,2.147476812,0.159637946,0.844505728,0.84444069,1.866281829,0.107986515,-0.041738948,-0.212594835,0.199897385,-1.687917228,1.381650346,0.678260447,0.209670848,-0.122134896,-0.892228718,-1.149393221,-0.566874011,-1.584487407,-1.979009342,0.173787602,1.050907138,0.235038552,-1.27212823,-0.722952068,-1.707140291,-1.648571741,1.460770527,1.480644381,-1.846896681,-0.113250769,-0.417563278
right,rostralmiddlefrontal,0.115833616,1.254504927,0.77518767,0.197360415,-0.14491187,-0.901539826,1.290713713,1.021295908,-0.117741881,-0.45160229,-0.806025795,0.003429713,0.37311647,1.079540666,0.625986505,0.894700665,0.091262894,-0.262694882,-0.366714385,-0.065027133,-0.145752267,-0.547365083,0.683602495,0.405491411,-0.473946212,-0.511435431,0.505848952,-0.531994307,-0.475208154,-0.490254352,0.622587637,0.342631322,-0.285830581,-0.461810941,-0.242188588,0.798528298,0.986903607,0.903673678,-1.204368612,0.635304174,1.236035252,0.727556889,1.472459902,-0.384323938,1.450904098,1.573893863
right,superiorfrontal,-0.215404988,0.648180434,0.329270176,-0.431741314,0.389134961,-1.104557942,1.094891301,0.249686593,-0.492873785,-0.452915361,-1.229687984,-0.25709845,0.919704093,0.017535503,0.184467001,0.824010722,0.062088239,-0.015409104,-0.40853176,0.307625238,0.294650776,-0.036027679,0.607754517,0.536675989,0.397786405,0.354472879,1.016579872,0.879301001,0.623406671,-0.476184914,0.641669225,0.977124738,-0.497550112,-0.473011113,0.608557631,0.994817774,0.497056525,0.554888044,-0.253758612,0.161405829,0.583778085,0.801134268,0.965028482,-0.095699485,0.127345441,0.9015805
right,superiorparietal,-1.075534859,-0.27929886,-0.550239083,-0.430755261,-0.635497859,-1.222708916,-0.342857458,-0.948770426,-1.729339164,-0.679992806,-1.558684507,-0.763553834,-0.96573328,-0.037462051,-1.332087778,-0.885764389,-0.075292326,-1.193044417,-1.090516352,-0.340339253,-0.813021459,-0.586040372,0.604044653,0.781990241,-0.733772981,-0.875236638,-0.547893446,-0.10409282,-0.011512328,0.004777284,-0.16950503,-0.783575864,0.711628379,0.440659975,-0.983020283,-0.087877874,0.025710548,0.272193536,-0.057420322,0.541189824,0.67256528,0.498859562,0.501588633,1.428401919,-0.031668847,0.462263112
right,superiortemporal,0.754456191,-0.720486194,0.140823471,1.068373779,0.596269335,0.497508268,-0.175583893,0.688573593,0.379882074,1.435867221,0.36296185,-0.169334949,0.093261165,1.070174271,0.747512232,0.163065815,0.432243422,0.7404411,0.634837552,-0.207112677,-1.332846194,-0.185392299,0.348363486,0.157170879,-0.116414782,-0.045555325,1.690494159,1.551804818,1.03196149,0.088501213,0.430235193,0.572560016,-0.404776021,-0.046840379,0.769608615,-0.704559351,0.811039478,-0.252063755,0.419269445,-0.171841313,-0.524779239,-0.564693674,-0.6934737,-0.710746834,0.75484047,-0.832993007
right,supramarginal,-0.220175914,0.150163383,0.578797717,1.27380146,-0.259300807,-0.814219493,-0.22464256,0.123821244,-0.073338512,-0.063073005,-0.325364208,-0.007619649,-0.366348528,0.644123353,1.013574474,0.315843394,0.431414756,-0.262812469,-0.122521567,-0.236445701,-0.542515563,-0.118758652,0.495273597,0.062225805,-0.52883394,-0.795897744,0.752636741,0.729167392,0.555057109,-0.140983337,0.221071706,0.365765832,0.373076165,0.032072687,0.053087938,0.451809325,1.154217639,0.459094196,-0.181309211,0.24867718,0.141071169,1.754880812,1.002700512,-0.150607931,0.343061506,0.114374474
right,frontalpole,0.306102704,0.679869868,0.87571084,0.193087519,-2.443964354,-0.851879287,0.090734587,-0.428891811,0.24820312,-1.110624172,-2.114345301,-1.549242371,-0.766752192,-0.084774357,-0.611562463,0.274981454,-2.172747662,-2.972608354,-1.551540002,0.532649962,0.781294577,0.783142975,-0.150076789,-0.245008607,-0.229043112,0.717335889,1.152846921,-1.116643172,-0.316017683,-1.094723361,1.112223988,0.170293829,-0.642387864,-0.569225138,0.388236206,-0.271045551,0.308917059,-0.666842235,-1.793283193,-0.422991443,0.017959499,0.066845833,0.805171871,1.510435972,1.252932045,1.022556267
right,temporalpole,0.812956836,-2.617873413,-1.30060209,0.184213043,-0.879313184,1.712567051,-2.010852147,0.895430559,-0.486749182,1.998811429,0.3456287,-2.043938076,-1.206524813,-0.190446512,-1.130743378,0.603453249,-2.3907765,0.642255829,-1.080707338,2.112148281,0.0371348,1.966068731,-1.563469418,-1.635525627,-1.440155829,1.793546284,0.137655463,1.348945112,1.6625411,-0.583991898,0.108242989,0.421208438,-1.735158774,-1.217158659,2.806095075,0.211032801,-0.045791837,-2.054091145,0.790482957,-1.879315341,-2.214430418,-1.225318423,-1.583257717,1.046398693,-1.406049362,-1.192583812
right,transversetemporal,0.234993182,0.691137222,0.328311508,-0.540864498,0.881459383,1.170345577,1.094891301,-0.565701973,1.348487962,0.252566878,1.356284685,1.376470745,0.860498064,0.943367684,1.135819288,-1.114081993,1.844044537,2.052596113,2.212539985,-1.291899743,1.247779006,0.829925645,-0.432736579,-0.660881262,4.438405395,0.28505576,0.934007388,0.52051003,-0.388930542,0.3532383,0.764342402,0.287234382,0.51108171,2.486407424,0.066306671,-2.294364412,-0.102083722,1.781487622,0.544807517,1.186644279,1.087802684,-0.067949371,0.297580353,-1.604602129,0.30182193,-0.763092323
right,insula,1.295161181,-0.537180427,-1.070658763,0.259153061,1.293381247,2.380100163,0.698093257,1.472222202,2.17194077,3.033902391,3.580261181,0.230730866,2.04492384,1.416490744,1.126471155,1.141812336,0.686308049,1.324143715,2.495452595,0.052197827,-0.151504715,0.547232343,-1.172303341,-1.337931121,0.755811627,0.701815931,1.573120077,0.749615104,1.256184467,-0.579617009,0.648774449,0.852609679,-0.612233974,-0.269773138,1.178491481,-1.483288835,0.028479368,0.649630302,0.391246322,-0.076927293,-0.326065526,0.145820183,0.271807446,-2.27363711,0.507440408,-0.866925992
